,BTC,ETH
29026113,8013854000,200422700
29026114,8008984000,200033300
29026115,8012074000,200068200
29026116,8023794000,200498200
29026117,8015184000,200572100
29026118,8011944000,200546400
29026119,8016314000,200966700
29026120,8029284000,201239400
29026121,8035644000,201510400
29026122,8060794000,202227600
29026123,8078984000,202623000
29026124,8075316000,202872000
29026125,8089774000,203161700
29026126,8081534000,203092100
29026127,8094914000,203146300
29026128,8094144000,203017300
29026129,8103224000,203513800
29026130,8113454000,203845100
29026131,8105504000,203551400
29026132,8121863000,203909300
29026133,8137224000,204145000
29026134,8124359000,203781700
29026135,8123434000,203716700
29026136,8120434000,203757900
29026137,8124514000,203923100
29026138,8127564000,203911400
29026139,8123184000,203759400
29026140,8124594000,203694600
29026141,8143665000,204307200
29026142,8160774000,204694500
29026143,8172444000,205026200
29026144,8178874000,205236100
29026145,8152884000,204756200
29026146,8161164000,204556800
29026147,8165794000,204847200
29026148,8160714000,204796600
29026149,8153324000,204469500
29026150,8134024000,204088900
29026151,8141294000,204453900
29026152,8128354000,204146100
29026153,8116854000,203891100
29026154,8122094000,204039700
29026155,8097844000,203556200
29026156,8084665000,203095300
29026157,8087464000,203268400
29026158,8093404000,203425900
29026159,8097244000,203499000
29026160,8099274000,203430500
29026161,8100814000,203466900
29026162,8096354000,203248500
29026163,8107234000,203570200
29026164,8120954000,204032300
29026165,8113064000,203827000
29026166,8113264000,203856400
29026167,8118614000,203958500
29026168,8128194000,204213500
29026169,8124254000,204102700
29026170,8134974000,204227600
29026171,8147444000,204466900
29026172,8157394000,204743100
29026173,8159594000,204862600
29026174,8148984000,204718200
29026175,8138984000,204514700
29026176,8132384000,204255000
29026177,8134624000,204232300
29026178,8150224000,204534300
29026179,8143524000,204311100
29026180,8148454000,204639700
29026181,8165854000,205037300
29026182,8165463000,204831700
29026183,8157974000,204627900
29026184,8163174000,204678400
29026185,8150934000,204363000
29026186,8158304000,204430400
29026187,8161714000,204480900
29026188,8168964000,204595100
29026189,8168494000,204710600
29026190,8164074000,204552700
29026191,8171224000,204654600
29026192,8176194000,204775000
29026193,8174464000,204863700
29026194,8171104000,204766800
29026195,8161584000,204641900
29026196,8161254000,204433200
29026197,8172704000,204564800
29026198,8171194000,204428700
29026199,8170514000,204426100
29026200,8176684000,204664600
29026201,8180594000,204736400
29026202,8181894000,204746800
29026203,8175404000,204537300
29026204,8155094000,204197500
29026205,8147554000,203951200
29026206,8158974000,204135600
29026207,8171504000,204479400
29026208,8167794000,204455100
29026209,8175584000,204696200
29026210,8180974000,204798300
29026211,8182811000,204919700
29026212,8174534000,204642900
29026213,8180814000,204803900
29026214,8188184000,204973300
29026215,8197634000,205106500
29026216,8222454000,205772700
29026217,8237134000,206213500
29026218,8235094000,206226000
29026219,8221134000,206022000
29026220,8227884000,206132700
29026221,8224134000,206067900
29026222,8231384000,206300800
29026223,8226394000,205942600
29026224,8219444000,205864800
29026225,8204474000,205543000
29026226,8210434000,205571100
29026227,8219954000,205737100
29026228,8207924000,205495000
29026229,8208774000,205478000
29026230,8209384000,205215900
29026231,8223144000,205417200
29026232,8227774000,205667800
29026233,8233739000,205666900
29026234,8247242000,205952300
29026235,8253934000,206408900
29026236,8252594000,206176900
29026237,8254244000,206348100
29026238,8255004000,206662000
29026239,8250434000,206561100
29026240,8250734000,206777800
29026241,8251814000,206736000
29026242,8256624000,206542000
29026243,8240374000,206398500
29026244,8236624000,206224500
29026245,8246124000,206530100
29026246,8239704000,206391900
29026247,8241744000,206490600
29026248,8235574000,206324500
29026249,8238974000,206351800
29026250,8227864000,206046300
29026251,8221114000,205842300
29026252,8222094000,205988300
29026253,8221484000,206042700
29026254,8226904000,206124800
29026255,8222964000,206171100
29026256,8214534000,205871300
29026257,8210654000,205806900
29026258,8211794000,205858600
29026259,8214914000,205897300
29026260,8212974000,205910000
29026261,8219411000,205974300
29026262,8214394000,205646200
29026263,8226534000,205958100
29026264,8218744000,205766300
29026265,8216074000,205657000
29026266,8205834000,205466000
29026267,8200004000,205350100
29026268,8194784000,205276900
29026269,8202804000,205324500
29026270,8203444000,205421900
29026271,8196254000,205340900
29026272,8187864000,205165200
29026273,8189384000,205131600
29026274,8185864000,205021000
29026275,8189454000,205127200
29026276,8190174000,205069800
29026277,8198974000,205276100
29026278,8193974000,205053700
29026279,8196174000,205052300
29026280,8193234000,204990200
29026281,8191444000,204865100
29026282,8183694000,204747300
29026283,8183374000,204863400
29026284,8185894000,204836800
29026285,8175914000,204721000
29026286,8176414000,204731400
29026287,8176894000,204718700
29026288,8177484000,204919700
29026289,8177254000,204867200
29026290,8186164000,204964200
29026291,8189544000,205132300
29026292,8195284000,205142300
29026293,8196494000,205121800
29026294,8196324000,205247300
29026295,8204404000,205454900
29026296,8197664000,205317400
29026297,8196984000,205345700
29026298,8212974000,205700500
29026299,8216984000,205820000
29026300,8215634000,205823200
29026301,8220304000,205968300
29026302,8222524000,206144100
29026303,8214154000,206090300
29026304,8218234000,206271100
29026305,8224034000,206457500
29026306,8224934000,206594700
29026307,8221714000,206492700
29026308,8218974000,206289600
29026309,8227024000,206599900
29026310,8221714000,206432200
29026311,8213974000,206230800
29026312,8205814000,205958200
29026313,8205584000,206120700
29026314,8211634000,206352100
29026315,8211674000,206406800
29026316,8202674000,206162200
29026317,8203294000,206084300
29026318,8197364000,205913900
29026319,8198984000,205918700
29026320,8199404000,205919500
29026321,8200984000,205945500
29026322,8212414000,206289000
29026323,8210044000,206259600
29026324,8221074000,206540700
29026325,8223494000,206717500
29026326,8231414000,207074200
29026327,8233074000,206923000
29026328,8233004000,206957900
29026329,8227064000,206917500
29026330,8235744000,207291600
29026331,8226424000,207227900
29026332,8223154000,207066700
29026333,8224614000,206993800
29026334,8225244000,207029500
29026335,8222734000,206920800
29026336,8223754000,206870500
29026337,8232254000,207142100
29026338,8234014000,207273900
29026339,8246314000,207520100
29026340,8243224000,207684300
29026341,8238754000,207425500
29026342,8242534000,207366100
29026343,8239394000,207266800
29026344,8236014000,207274700
29026345,8232844000,207075800
29026346,8238974000,207217800
29026347,8246494000,207408200
29026348,8242944000,207197100
29026349,8244434000,207157300
29026350,8241104000,206956400
29026351,8238164000,206857200
29026352,8247974000,207168900
29026353,8246774000,207027100
29026354,8247974000,207199000
29026355,8243224000,207064400
29026356,8243304000,207046700
29026357,8237984000,207000400
29026358,8230984000,206888200
29026359,8230974000,206883700
29026360,8238234000,207044200
29026361,8233014000,206767200
29026362,8227974000,206737200
29026363,8227964000,206744700
29026364,8229574000,206760600
29026365,8225614000,206611900
29026366,8231414000,206736300
29026367,8240819000,207002500
29026368,8243994000,207036400
29026369,8244394000,206983200
29026370,8243014000,206993500
29026371,8247174000,207101100
29026372,8246454000,207171900
29026373,8247944000,207126600
29026374,8254764000,207271300
29026375,8253424000,207265000
29026376,8256094000,207270400
29026377,8257204000,207404800
29026378,8258614000,207435400
29026379,8257564000,207394200
29026380,8260844000,207321800
29026381,8265574000,207562100
29026382,8266194000,207523100
29026383,8256874000,207318700
29026384,8250964000,207164800
29026385,8253614000,207241000
29026386,8252444000,207073400
29026387,8248494000,207059500
29026388,8245334000,206961400
29026389,8241674000,206826500
29026390,8246354000,206910200
29026391,8251504000,206881600
29026392,8253174000,206775200
29026393,8251694000,206676200
29026394,8239124000,206486600
29026395,8243244000,206654100
29026396,8246714000,206917400
29026397,8243554000,206986800
29026398,8246064000,207004400
29026399,8248374000,207067500
29026400,8245984000,206920600
29026401,8248974000,206894300
29026402,8252134000,207047100
29026403,8255874000,207157100
29026404,8260084000,207268300
29026405,8255984000,207201300
29026406,8256190000,207171600
29026407,8257074000,207189200
29026408,8252134000,206981500
29026409,8250424000,206995600
29026410,8245939000,206916300
29026411,8243594000,206846600
29026412,8241824000,206881700
29026413,8235384000,206787000
29026414,8234114000,206736400
29026415,8233144000,206610500
29026416,8235474000,206767900
29026417,8231364000,206577200
29026418,8238534000,207116600
29026419,8233824000,206909600
29026420,8230364000,206950400
29026421,8221614000,206701900
29026422,8225764000,206918300
29026423,8217454000,206635500
29026424,8219824000,206711000
29026425,8222284000,206747000
29026426,8225154000,206656400
29026427,8216644000,206427600
29026428,8214614000,206401000
29026429,8212754000,206291200
29026430,8214994000,206073400
29026431,8215794000,206261900
29026432,8222554000,206464900
29026433,8225024000,206629500
29026434,8228284000,206723500
29026435,8230794000,206829100
29026436,8224344000,206689500
29026437,8227254000,206739200
29026438,8226794000,206585700
29026439,8225914000,206532000
29026440,8223684000,206400400
29026441,8222654000,206407900
29026442,8225384000,206573800
29026443,8222381000,206477900
29026444,8217614000,206303700
29026445,8213474000,206226100
29026446,8216104000,206198800
29026447,8207264000,205970600
29026448,8206744000,206082900
29026449,8206984000,206155500
29026450,8213984000,206310400
29026451,8219824000,206535700
29026452,8220414000,206407500
29026453,8215314000,206210200
29026454,8210204000,206163300
29026455,8216724000,206245700
29026456,8220764000,206319200
29026457,8222934000,206538400
29026458,8233424000,206658000
29026459,8230355000,206551400
29026460,8222114000,206461500
29026461,8224464000,206606400
29026462,8228484000,206717500
29026463,8220104000,206479400
29026464,8216834000,206419500
29026465,8218664000,206385800
29026466,8217224000,206291900
29026467,8216054000,206297500
29026468,8211964000,206187300
29026469,8211334000,206240800
29026470,8212494000,206090300
29026471,8213484000,206045400
29026472,8213544000,206030600
29026473,8214624000,206017900
29026474,8216984000,206123400
29026475,8214624000,206085300
29026476,8208984000,205884600
29026477,8213834000,205953000
29026478,8208644000,205763600
29026479,8207344000,205682100
29026480,8202014000,205609400
29026481,8194484000,205580800
29026482,8203944000,205797100
29026483,8204644000,205942000
29026484,8208974000,206107300
29026485,8212274000,206290500
29026486,8206194000,206275800
29026487,8206274000,206281500
29026488,8205684000,206255300
29026489,8210794000,206393800
29026490,8213604000,206478100
29026491,8223974000,206757400
29026492,8225626000,206724900
29026493,8222054000,206516200
29026494,8226094000,206572400
29026495,8230384000,206752800
29026496,8230974000,206758700
29026497,8233154000,206796400
29026498,8230974000,206854300
29026499,8228724000,206786100
29026500,8227534000,206754800
29026501,8240974000,207090700
29026502,8243574000,207326100
29026503,8251884000,207553300
29026504,8260094000,207923600
29026505,8255074000,207625300
29026506,8249614000,207400100
29026507,8239872000,207237900
29026508,8236484000,207150700
29026509,8241294000,207291300
29026510,8246394000,207444600
29026511,8235114000,207139700
29026512,8222982000,206947600
29026513,8220184000,206973100
29026514,8225284000,207094800
29026515,8224360000,207032000
29026516,8220964000,206875000
29026517,8223894000,206992400
29026518,8238923000,207429800
29026519,8231184000,207271700
29026520,8224564000,207122200
29026521,8219084000,206861300
29026522,8216424000,206776300
29026523,8213984000,206699300
29026524,8218044000,206696700
29026525,8210774000,206527300
29026526,8209528000,206525000
29026527,8210124000,206585900
29026528,8209984000,206671800
29026529,8208374000,206565100
29026530,8203854000,206564000
29026531,8211344000,206672800
29026532,8214884000,206879000
29026533,8214744000,206654200
29026534,8216733000,206654400
29026535,8217214000,206806800
29026536,8211634000,206777300
29026537,8218004000,206989100
29026538,8224404000,207284600
29026539,8219674000,207145700
29026540,8224594000,207260100
29026541,8225224000,207214900
29026542,8221374000,207107500
29026543,8220014000,207205600
29026544,8220654000,207208200
29026545,8220574000,207167700
29026546,8220484000,207189900
29026547,8223974000,207326800
29026548,8214184000,206948600
29026549,8218854000,207001600
29026550,8223994000,207195800
29026551,8219674000,207107400
29026552,8221400000,207292700
29026553,8229754000,207569200
29026554,8231444000,207634600
29026555,8226144000,207565800
29026556,8219244000,207454300
29026557,8222554000,207526000
29026558,8227484000,207658500
29026559,8226744000,207656600
29026560,8233974000,207819400
29026561,8231914000,207687700
29026562,8223254000,207533300
29026563,8220484000,207335200
29026564,8211904000,207130000
29026565,8205896000,206902000
29026566,8204474000,206863600
29026567,8206644000,206913100
29026568,8204994000,206769700
29026569,8205014000,206818600
29026570,8207514000,206915400
29026571,8198514000,206675600
29026572,8203694000,206943200
29026573,8202914000,207030200
29026574,8209664000,207148100
29026575,8211484000,207141200
29026576,8203884000,206835100
29026577,8196214000,206685400
29026578,8195674000,206711800
29026579,8199064000,206709700
29026580,8195144000,206634500
29026581,8192844000,206722000
29026582,8179714000,206471500
29026583,8169704000,206348900
29026584,8179784000,206520600
29026585,8190794000,206738600
29026586,8187774000,206628500
29026587,8190314000,206530300
29026588,8194874000,206569600
29026589,8199224000,206750000
29026590,8189554000,206424200
29026591,8184024000,206192500
29026592,8183724000,206120900
29026593,8170574000,206080000
29026594,8175774000,205920200
29026595,8177384000,205984800
29026596,8176409000,205796300
29026597,8155154000,205453400
29026598,8136664000,205029900
29026599,8125964000,205086100
29026600,8138234000,205330100
29026601,8146264000,205956600
29026602,8129034000,205819100
29026603,8132794000,205840800
29026604,8142654000,205859500
29026605,8148824000,206413500
29026606,8146974000,206522200
29026607,8159584000,206633100
29026608,8151364000,206368200
29026609,8142684000,206408100
29026610,8151184000,206640200
29026611,8156254000,206958600
29026612,8146924000,206891900
29026613,8144484000,206792600
29026614,8141164000,206525500
29026615,8128042000,206254400
29026616,8124924000,206110200
29026617,8120644000,206199300
29026618,8128754000,206306800
29026619,8131444000,206382300
29026620,8142194000,206692700
29026621,8155074000,207154900
29026622,8157444000,207238500
29026623,8150904000,207036300
29026624,8156894000,207105500
29026625,8162744000,207193900
29026626,8176864000,207371700
29026627,8174754000,207523000
29026628,8168974000,207429000
29026629,8166584000,207315700
29026630,8164784000,207313900
29026631,8173974000,207593000
29026632,8172034000,207740400
29026633,8177684000,207884900
29026634,8189884000,208591600
29026635,8202804000,209224800
29026636,8238304000,210260500
29026637,8284774000,212712700
29026638,8306364000,214316600
29026639,8305944000,213419500
29026640,8310984000,213309800
29026641,8323804000,213878400
29026642,8345564000,214318100
29026643,8360574000,214238000
29026644,8361484000,214296500
29026645,8364084000,214117900
29026646,8356604000,213649400
29026647,8332144000,212981500
29026648,8328234000,212840600
29026649,8318684000,212923800
29026650,8292264000,212215200
29026651,8291484000,211946700
29026652,8287074000,211857100
29026653,8283043000,212113800
29026654,8298624000,212154600
29026655,8284134000,212032300
29026656,8293654000,212079300
29026657,8292294000,212041600
29026658,8280314000,211656200
29026659,8251824000,210876900
29026660,8258984000,211173900
29026661,8248464000,210977900
29026662,8268384000,211335900
29026663,8275674000,211402300
29026664,8270674000,211394600
29026665,8276974000,211480400
29026666,8270990000,211490100
29026667,8289064000,212225600
29026668,8280714000,211775400
29026669,8277343000,211595700
29026670,8265184000,211223500
29026671,8262984000,211005900
29026672,8249474000,210784200
29026673,8251804000,210874400
29026674,8230184000,210448000
29026675,8234424000,210187200
29026676,8211184000,209163000
29026677,8230574000,210001200
29026678,8230984000,209928500
29026679,8245424000,210314000
29026680,8240434000,210354700
29026681,8237224000,210042500
29026682,8236784000,210011200
29026683,8242564000,210194700
29026684,8254714000,210603100
29026685,8260334000,210761400
29026686,8245604000,210194300
29026687,8246714000,210454300
29026688,8248974000,210588200
29026689,8240414000,210272500
29026690,8227635000,210085300
29026691,8233974000,210116900
29026692,8228984000,209984800
29026693,8225384000,209659500
29026694,8217502000,209470100
29026695,8224774000,209459300
29026696,8221444000,209376100
29026697,8222984000,209233300
29026698,8231364000,209597700
29026699,8231984000,209474300
29026700,8217784000,209013400
29026701,8206734000,208495400
29026702,8222304000,208972700
29026703,8200205000,208477700
29026704,8207864000,208654900
29026705,8193998000,208431200
29026706,8182694000,208259300
29026707,8175744000,208096100
29026708,8174984000,208255600
29026709,8181134000,208464900
29026710,8189574000,208634500
29026711,8178234000,208510200
29026712,8188284000,208773500
29026713,8192164000,208701100
29026714,8187834000,208602900
29026715,8192358000,208703900
29026716,8192594000,208712700
29026717,8199164000,208985900
29026718,8196484000,208956200
29026719,8200074000,208936500
29026720,8205364000,209122300
29026721,8199054000,208830900
29026722,8200964000,208900200
29026723,8196724000,208900500
29026724,8188974000,208808400
29026725,8195254000,209058600
29026726,8184574000,208702300
29026727,8193984000,209042000
29026728,8200194000,209225500
29026729,8197314000,209228900
29026730,8200434000,209320000
29026731,8209754000,209553200
29026732,8215504000,209914200
29026733,8214624000,210132800
29026734,8224944000,210343800
29026735,8212444000,209845200
29026736,8222774000,209987500
29026737,8224974000,210118200
29026738,8225044000,210213400
29026739,8222924000,210103300
29026740,8237764000,210671000
29026741,8233524000,210472900
29026742,8236984000,210614700
29026743,8234714000,210492400
29026744,8230714000,210437600
29026745,8216974000,210267900
29026746,8228324000,210654000
29026747,8224104000,210500000
29026748,8224394000,210652400
29026749,8220924000,210483000
29026750,8224674000,210574800
29026751,8224737000,210653500
29026752,8222234000,210522900
29026753,8209104000,210131800
29026754,8212304000,210400800
29026755,8215884000,210334100
29026756,8220584000,210451200
29026757,8225444000,210602800
29026758,8232604000,210851900
29026759,8227914000,210762700
29026760,8233974000,210926400
29026761,8240454000,211331300
29026762,8239563000,211246400
29026763,8244244000,211176800
29026764,8249004000,211516300
29026765,8245764000,211443900
29026766,8252734000,211657200
29026767,8251714000,211495500
29026768,8251714000,211441500
29026769,8254314000,211359600
29026770,8254474000,211339700
29026771,8259524000,211352700
29026772,8250404000,211225400
29026773,8237394000,211039300
29026774,8244584000,211240500
29026775,8249174000,211487600
29026776,8254304000,211971100
29026777,8252964000,211873300
29026778,8246384000,211667300
29026779,8245564000,211723200
29026780,8247904000,211817300
29026781,8244164000,211606000
29026782,8248554000,211895300
29026783,8250864000,211886500
29026784,8246904000,211654000
29026785,8252264000,211943300
29026786,8256884000,211952800
29026787,8258334000,212023400
29026788,8261514000,212090000
29026789,8274024000,212316800
29026790,8267074000,212255500
29026791,8278974000,212660200
29026792,8292073000,212934200
29026793,8290474000,213078800
29026794,8315324000,213728300
29026795,8335872000,213767800
29026796,8339444000,213712700
29026797,8356637000,213723500
29026798,8356964000,213380600
29026799,8352044000,212913700
29026800,8333874000,212574600
29026801,8318034000,212452300
29026802,8342184000,212828100
29026803,8358464000,213074000
29026804,8368794000,213681900
29026805,8347524000,213257700
29026806,8319424000,212690200
29026807,8326725000,212795700
29026808,8330564000,212587700
29026809,8327554000,212466900
29026810,8328104000,212317400
29026811,8309344000,212166000
29026812,8307284000,211932500
29026813,8318444000,212004900
29026814,8311384000,211784900
29026815,8326124000,211934500
29026816,8326784000,212078600
29026817,8323054000,212282700
29026818,8319368000,212331300
29026819,8325194000,212252500
29026820,8338974000,212524100
29026821,8331464000,212574600
29026822,8327674000,212607900
29026823,8312684000,212247400
29026824,8307034000,212209100
29026825,8282684000,211551700
29026826,8292244000,211664300
29026827,8285154000,211336800
29026828,8275274000,211181800
29026829,8277644000,211152600
29026830,8283714000,211376700
29026831,8267594000,211007900
29026832,8283474000,211433200
29026833,8268664000,210998900
29026834,8260704000,210804800
29026835,8266294000,211162700
29026836,8280094000,211457500
29026837,8278284000,211590400
29026838,8286964000,211920300
29026839,8284664000,211963600
29026840,8300484000,212194800
29026841,8304994000,212484900
29026842,8310944000,212388900
29026843,8308374000,212332500
29026844,8309492000,212203000
29026845,8317374000,212382500
29026846,8327674000,212600200
29026847,8309644000,212255000
29026848,8300574000,212090600
29026849,8298044000,211963500
29026850,8312574000,212320700
29026851,8321174000,212499400
29026852,8321554000,212452500
29026853,8321020000,212480000
29026854,8334584000,212757400
29026855,8328484000,212630200
29026856,8325234000,212502900
29026857,8320244000,212444500
29026858,8322474000,212636300
29026859,8319676000,212697200
29026860,8324474000,212753700
29026861,8321264000,212769300
29026862,8318016000,212802200
29026863,8306884000,212349200
29026864,8303534000,212353200
29026865,8299614000,212338800
29026866,8291374000,212180800
29026867,8292714000,212188100
29026868,8280674000,211947600
29026869,8291444000,212321500
29026870,8290423000,212274600
29026871,8279534000,211781200
29026872,8279794000,212046000
29026873,8283984000,212225500
29026874,8294204000,212629200
29026875,8298334000,212961800
29026876,8288034000,212606300
29026877,8272910000,212184800
29026878,8262984000,211835300
29026879,8258474000,211610000
29026880,8262554000,211684200
29026881,8253784000,211671700
29026882,8256974000,211734900
29026883,8255524000,211660000
29026884,8247884000,211549500
29026885,8254554000,211646300
29026886,8251624000,211566500
29026887,8254474000,211586300
29026888,8252724000,211386100
29026889,8261404000,211455600
29026890,8275604000,211578100
29026891,8278354000,211448500
29026892,8213379000,209924700
29026893,8228484000,209992900
29026894,8218974000,209436000
29026895,8250964000,210070700
29026896,8230106000,209658400
29026897,8214284000,209023100
29026898,8213624000,209070800
29026899,8229506000,209637300
29026900,8245774000,210073200
29026901,8265774000,210637400
29026902,8269614000,210638800
29026903,8267084000,210518900
29026904,8263584000,210607100
29026905,8263474000,210615200
29026906,8245513000,209948500
29026907,8235274000,210044600
29026908,8214984000,209485600
29026909,8215494000,209751300
29026910,8214394000,209953300
29026911,8183744000,209251600
29026912,8184384000,209219300
29026913,8160444000,208614900
29026914,8146794000,208192400
29026915,8157208000,208561400
29026916,8146214000,208162300
29026917,8153304000,208469400
29026918,8157354000,208664400
29026919,8148974000,208506900
29026920,8145664000,208458400
29026921,8110084000,207412500
29026922,8097104000,206907500
29026923,8054014000,205474600
29026924,8071374000,205665100
29026925,8050544000,204517900
29026926,8072184000,205285300
29026927,8065704000,205444400
29026928,8074264000,205930700
29026929,8054824000,205557100
29026930,8039034000,205160800
29026931,8037464000,204885500
29026932,8027974000,204490700
29026933,8025664000,204620800
29026934,8012384000,204532400
29026935,8004044000,204417200
29026936,7983404000,203780600
29026937,7961794000,203005300
29026938,7936694000,201134400
29026939,7967784000,201670400
29026940,7949864000,201466300
29026941,7980044000,202047000
29026942,7972254000,201477900
29026943,7990934000,202255600
29026944,8026584000,203408200
29026945,8040656000,203538100
29026946,8035374000,203232000
29026947,8012284000,202917300
29026948,8019694000,203038600
29026949,7983564000,202253200
29026950,8009534000,202246300
29026951,8008304000,202533100
29026952,8003874000,202474700
29026953,7968474000,201622300
29026954,7974017000,201526500
29026955,7963094000,200913000
29026956,7976904000,201012400
29026957,8002074000,201924900
29026958,8023974000,202603600
29026959,7996344000,201781900
29026960,7988284000,201229100
29026961,7985185000,201123500
29026962,7997754000,201430300
29026963,7982644000,201075600
29026964,7965684000,200520700
29026965,7953964000,200466000
29026966,7946974000,200828900
29026967,7970824000,201427200
29026968,7975474000,201344000
29026969,7963164000,201016800
29026970,7942174000,200271900
29026971,7950464000,200256200
29026972,7937424000,200043800
29026973,7949214000,200519900
29026974,7939464000,200373300
29026975,7936504000,200385500
29026976,7944384000,200925400
29026977,7942024000,200969900
29026978,7947474000,201039900
29026979,7982494000,201948700
29026980,7967824000,201443500
29026981,7997695000,202315500
29026982,7996644000,202339500
29026983,7989284000,202145100
29026984,7978394000,201914100
29026985,7986524000,202450000
29026986,7995504000,202584000
29026987,8007254000,203236500
29026988,8003174000,202909800
29026989,8014604000,203176500
29026990,7998974000,202735800
29026991,7991374000,202098300
29026992,8001154000,202344200
29026993,8013274000,202711900
29026994,8018974000,202835000
29026995,8027354000,202801400
29026996,8024974000,202717800
29026997,8015594000,202356600
29026998,8004854000,201880500
29026999,7997764000,201684200
29027000,7997014000,201722500
29027001,7994542000,201553100
29027002,7998554000,201659600
29027003,8011774000,201747100
29027004,8030974000,202255600
29027005,8036384000,202571900
29027006,8033384000,202511100
29027007,8017064000,201928900
29027008,8022714000,202214200
29027009,8023224000,201937700
29027010,8036474000,202322200
29027011,8047074000,202573800
29027012,8053624000,203025100
29027013,8073114000,203664100
29027014,8086604000,203773300
29027015,8083834000,203699000
29027016,8084014000,203621000
29027017,8101574000,204301400
29027018,8090174000,204096500
29027019,8074564000,203634100
29027020,8059814000,203480300
29027021,8050264000,203296000
29027022,8041374000,203124700
29027023,8033974000,202900400
29027024,8025674000,202770500
29027025,8035324000,203045900
29027026,8043864000,203118400
29027027,8049494000,203376400
29027028,8058394000,203716000
29027029,8047634000,203455500
29027030,8038344000,203144000
29027031,8036954000,203169400
29027032,8028974000,203045200
29027033,8022444000,202785700
29027034,8033184000,203116300
29027035,8026794000,202924800
29027036,8002584000,202290600
29027037,8011384000,202435700
29027038,8010774000,202483800
29027039,7999934000,201912200
29027040,8014734000,202172000
29027041,8018784000,202480700
29027042,7998374000,202012700
29027043,7990595000,201843700
29027044,7994574000,201879800
29027045,7984604000,201409500
29027046,7975744000,201333300
29027047,7963244000,200737200
29027048,7963104000,200284700
29027049,7971524000,200893500
29027050,7986984000,201141400
29027051,7988154000,201118700
29027052,7977984000,200959300
29027053,7984124000,201082800
29027054,7996984000,201653300
29027055,7981864000,201069900
29027056,7966404000,200676000
29027057,7967614000,200820700
29027058,7954914000,200533500
29027059,7963594000,200929000
29027060,7964954000,201103400
29027061,7951984000,200734900
29027062,7942984000,200518600
29027066,7949374000,200968900
29027067,7940374000,201219100
29027068,7961114000,201586000
29027069,7955534000,201285400
29027070,7957184000,201387200
29027071,7973254000,201687100
29027072,7954782000,201442600
29027073,7959474000,201815800
29027074,7964974000,202047000
29027075,7950984000,201783800
29027076,7944494000,201961100
29027077,7932864000,201805800
29027078,7930184000,201843700
29027079,7920514000,201626800
29027080,7925954000,201484000
29027081,7932324000,201834200
29027082,7942864000,202033300
29027083,7943394000,202171900
29027084,7930474000,201499300
29027085,7940974000,201628000
29027086,7934074000,201445200
29027087,7934234000,201280100
29027088,7920864000,200871300
29027089,7920774000,201141200
29027090,7907334000,201150500
29027091,7906724000,200980900
29027092,7900634000,200725200
29027093,7916934000,200957600
29027094,7915374000,201042600
29027095,7914744000,201121500
29027096,7930694000,201317900
29027097,7922974000,200959800
29027098,7909984000,200788100
29027099,7896484000,200590200
29027100,7904954000,200715900
29027101,7892354000,200380100
29027102,7884394000,199670100
29027103,7862974000,198083700
29027104,7852144000,196778400
29027105,7855472000,196858900
29027106,7841224000,195291400
29027107,7843434000,194460400
29027108,7854014000,194799600
29027109,7860874000,195119400
29027110,7867104000,195422600
29027111,7837944000,194553200
29027112,7832614000,194018600
29027113,7838644000,194168600
29027114,7854974000,194536900
29027115,7873034000,195381000
29027116,7886484000,195877100
29027117,7899874000,196299600
29027118,7898414000,196208600
29027119,7894324000,195846700
29027120,7885584000,195530800
29027121,7900054000,195978600
29027122,7923574000,196734800
29027123,7917774000,196564600
29027124,7907244000,196350400
29027125,7898534000,195907000
29027126,7910494000,196316200
29027127,7906984000,195913800
29027128,7900344000,195624400
29027129,7901234000,195491300
29027130,7895064000,195226300
29027131,7886904000,195151400
29027132,7882094000,194477100
29027133,7889044000,194809700
29027134,7871684000,194409600
29027135,7866254000,193875200
29027136,7851904000,193730800
29027137,7853474000,193192100
29027138,7862044000,193097100
29027139,7859944000,192703100
29027140,7848354000,192132000
29027141,7855734000,192598600
29027142,7854344000,192536600
29027143,7863604000,192519300
29027144,7858410000,192630800
29027145,7875334000,192823400
29027146,7850654000,191860400
29027147,7846614000,191710000
29027148,7834884000,191731800
29027149,7845694000,191999100
29027150,7833774000,191699500
29027151,7841174000,191819700
29027152,7834264000,191609200
29027153,7843174000,191786700
29027154,7839864000,191508600
29027155,7826624000,191275700
29027156,7835184000,191397000
29027157,7852184000,191990300
29027158,7849914000,192341800
29027159,7841024000,191882400
29027160,7838724000,192306100
29027161,7843174000,192476200
29027162,7865172000,193157400
29027163,7850645000,192617800
29027164,7857414000,193048600
29027165,7853874000,192695400
29027166,7835002000,192393900
29027167,7818454000,191825300
29027168,7813614000,191456600
29027169,7824914000,191852500
29027170,7836724000,192275900
29027171,7877024000,193344400
29027172,7900814000,193674500
29027173,7859414000,192982400
29027174,7877794000,193249300
29027175,7882609000,193231900
29027176,7867194000,192816500
29027177,7860634000,192394600
29027178,7860414000,192531900
29027179,7844734000,191992600
29027180,7855164000,192133800
29027181,7854914000,191477700
29027182,7849704000,191668200
29027183,7839369000,191455200
29027184,7839474000,191593100
29027185,7833374000,191576600
29027186,7824474000,191338300
29027187,7831004000,191185200
29027188,7830164000,190644000
29027189,7846344000,191276500
29027190,7863124000,191677800
29027191,7863974000,191489000
29027192,7836265000,190644700
29027193,7837924000,190465800
29027194,7828054000,189952300
29027195,7819884000,189528100
29027196,7829544000,189662700
29027197,7823684000,189663000
29027198,7818534000,189253400
29027199,7818314000,189465100
29027200,7835709000,190434400
29027201,7826594000,189710000
29027202,7846744000,190450600
29027203,7853484000,190847300
29027204,7853414000,190959200
29027205,7848274000,190597000
29027206,7833870000,190022700
29027207,7832134000,189769500
29027208,7822974000,189327800
29027209,7819184000,189229000
29027210,7827174000,189413100
29027211,7819744000,188661400
29027212,7815664000,188147300
29027213,7794804000,186546800
29027214,7778474000,185958400
29027215,7777174000,185020400
29027216,7773674000,185711500
29027217,7762584000,185215800
29027218,7756364000,184044500
29027219,7758964000,182873300
29027220,7785334000,184168600
29027221,7783564000,183759600
29027222,7771354000,183110400
29027223,7757564000,182370800
29027224,7750594000,182777100
29027225,7758194000,183855900
29027226,7762574000,183660300
29027227,7775124000,184617500
29027228,7755464000,184466500
29027229,7769834000,184697800
29027230,7768294000,184327100
29027231,7767084000,184263000
29027232,7789583000,185072500
29027233,7790004000,184970600
29027234,7797474000,185365700
29027235,7829754000,186222300
29027236,7827824000,186352400
29027237,7811984000,185742000
29027238,7824404000,186020600
29027239,7833084000,186453000
29027240,7833445000,186519000
29027241,7825454000,185785200
29027242,7821414000,185581800
29027243,7840864000,185917300
29027244,7863814000,186113400
29027245,7877744000,186325000
29027246,7878824000,186373600
29027247,7877734000,185692800
29027248,7881434000,185597300
29027249,7853754000,185272600
29027250,7889014000,186283500
29027251,7892374000,186337500
29027252,7893534000,186127500
29027253,7917277000,187016900
29027254,7940224000,187832100
29027255,7926922000,187834200
29027256,7916134000,187582100
29027257,7908974000,187217100
29027258,7918974000,187572300
29027259,7926504000,187894000
29027260,7902754000,187758200
29027261,7899874000,187786200
29027262,7877244000,187067500
29027263,7880874000,186834400
29027264,7870184000,186455300
29027265,7885904000,186714300
29027266,7868784000,186258500
29027267,7873984000,186405600
29027268,7876984000,186233400
29027269,7888714000,186384300
29027270,7910044000,187157800
29027271,7905574000,187076900
29027272,7904534000,186881300
29027273,7890494000,186426600
29027274,7891734000,186488300
29027275,7908774000,186904400
29027276,7910444000,186846900
29027277,7902614000,186314300
29027278,7892274000,186108700
29027279,7902024000,187001600
29027280,7884594000,186720400
29027281,7872974000,186288800
29027282,7900994000,187401900
29027283,7898754000,187930400
29027284,7897594000,187769500
29027285,7888984000,187177200
29027286,7878254000,186875200
29027287,7886444000,187120900
29027288,7883614000,187146100
29027289,7875974000,186886400
29027290,7882204000,187180300
29027291,7869404000,186750100
29027292,7878174000,186816100
29027293,7882394000,187015000
29027294,7890094000,187300600
29027295,7886984000,187204700
29027296,7875574000,186882300
29027297,7877024000,186703200
29027298,7892184000,187235100
29027299,7889334000,186975400
29027300,7872924000,186527500
29027301,7867784000,186397100
29027302,7868004000,186397600
29027303,7872444000,186523200
29027304,7886504000,187047800
29027305,7892434000,187222500
29027306,7902364000,187496000
29027307,7892984000,187261900
29027308,7901664000,187464100
29027309,7900924000,187207300
29027310,7908564000,187260100
29027311,7892454000,187010500
29027312,7887114000,186624100
29027313,7884464000,186607600
29027314,7878214000,186412100
29027315,7878774000,186428400
29027316,7874474000,186071500
29027317,7871664000,185847700
29027318,7869404000,185800000
29027319,7878974000,185911600
29027320,7879874000,186164400
29027321,7872224000,185775100
29027322,7866684000,185479900
29027323,7864594000,185261600
29027324,7870874000,185597200
29027325,7871444000,185597600
29027520,7876554000,187257300
29027521,7863054000,186801000
29027522,7887624000,187555700
29027523,7881974000,187682700
29027524,7893085000,188156900
29027525,7893854000,188122700
29027526,7908014000,188374100
29027527,7911534000,188862700
29027528,7908094000,188917000
29027529,7902532000,188578200
29027530,7891554000,188266200
29027531,7888234000,188385400
29027532,7879514000,187894600
29027533,7868424000,187663400
29027534,7871694000,187749900
29027535,7862924000,187175300
29027536,7860514000,187102400
29027537,7853154000,187008500
29027538,7832974000,186793100
29027539,7840384000,187122900
29027540,7821634000,187230500
29027541,7787974000,186435300
29027542,7781594000,185682200
29027543,7780684000,185268300
29027544,7772764000,185040600
29027545,7775364000,185416500
29027546,7794514000,185864000
29027547,7779947000,185550800
29027548,7766124000,185100100
29027549,7725504000,183696000
29027550,7743764000,184175100
29027551,7746534000,184617000
29027552,7723064000,183841800
29027553,7703386000,182096000
29027554,7689286000,181013100
29027555,7741786000,182858800
